{
  "actions" : [
    {
      "type" : "@comment",
      "parameters" : {
        "text" : {
          "value" : "Tokenize the clipboard text and select some of the content to search."
        }
      }
    },
    {
      "type" : "@util.get-clipboard"
    },
    {
      "type" : "@flow.if",
      "parameters" : {
        "blockIdentifier" : "628A2621-F6C8-4A48-8395-D8D3695CEC32",
        "condition" : 0,
        "rhs" : {
          "value" : ""
        },
        "lhs" : {
          "value" : "$",
          "tokens" : [
            {
              "location" : 0,
              "value" : "@input"
            }
          ]
        }
      }
    },
    {
      "type" : "@ui.toast",
      "parameters" : {
        "style" : 0,
        "waitUntilDone" : false,
        "title" : {
          "value" : "Empty Clipboard"
        }
      }
    },
    {
      "type" : "@flow.finish"
    },
    {
      "type" : "@flow.else",
      "parameters" : {
        "blockIdentifier" : "628A2621-F6C8-4A48-8395-D8D3695CEC32"
      }
    },
    {
      "type" : "@flow.endif",
      "parameters" : {
        "blockIdentifier" : "628A2621-F6C8-4A48-8395-D8D3695CEC32"
      }
    },
    {
      "type" : "@text.tokenize",
      "parameters" : {
        "includePunctuations" : false,
        "text" : {
          "value" : "$",
          "tokens" : [
            {
              "location" : 0,
              "value" : "@input"
            }
          ]
        }
      }
    },
    {
      "type" : "@text.join",
      "parameters" : {
        "joiner" : {
          "value" : ""
        },
        "lines" : {
          "value" : "$",
          "tokens" : [
            {
              "location" : 0,
              "value" : "@input"
            }
          ]
        }
      }
    },
    {
      "type" : "@flow.set-variable",
      "parameters" : {
        "value" : {
          "value" : "$",
          "tokens" : [
            {
              "location" : 0,
              "value" : "@input"
            }
          ]
        },
        "name" : {
          "value" : "Text"
        }
      }
    },
    {
      "type" : "@ui.alert",
      "parameters" : {
        "showCancelButton" : true,
        "message" : {
          "value" : "$",
          "tokens" : [
            {
              "location" : 0,
              "value" : "@input"
            }
          ]
        },
        "title" : {
          "value" : "Content"
        },
        "actions" : [
          {
            "title" : {
              "value" : "Lookup"
            },
            "value" : {
              "value" : "0"
            }
          },
          {
            "title" : {
              "value" : "Web Search"
            },
            "value" : {
              "value" : "1"
            }
          },
          {
            "title" : {
              "value" : "Copy Text"
            },
            "value" : {
              "value" : "2"
            }
          },
          {
            "title" : {
              "value" : ""
            },
            "value" : {
              "value" : "3"
            }
          }
        ]
      }
    },
    {
      "type" : "@flow.set-variable",
      "parameters" : {
        "value" : {
          "value" : "$",
          "tokens" : [
            {
              "location" : 0,
              "value" : "@input"
            }
          ]
        },
        "name" : {
          "value" : "Option"
        }
      }
    },
    {
      "type" : "@flow.if",
      "parameters" : {
        "blockIdentifier" : "CE7F4ACC-8019-4CF6-951B-BE6786CAE100",
        "condition" : 0,
        "rhs" : {
          "value" : "0"
        },
        "lhs" : {
          "value" : "$",
          "tokens" : [
            {
              "location" : 0,
              "value" : "Option"
            }
          ]
        }
      }
    },
    {
      "type" : "@util.dict",
      "parameters" : {
        "text" : {
          "value" : "$",
          "tokens" : [
            {
              "location" : 0,
              "value" : "Text"
            }
          ]
        }
      }
    },
    {
      "type" : "@flow.else",
      "parameters" : {
        "blockIdentifier" : "CE7F4ACC-8019-4CF6-951B-BE6786CAE100"
      }
    },
    {
      "type" : "@flow.if",
      "parameters" : {
        "blockIdentifier" : "70AF98D5-08F1-4ECE-BAA2-0FF48F14F733",
        "condition" : 0,
        "rhs" : {
          "value" : "1"
        },
        "lhs" : {
          "value" : "$",
          "tokens" : [
            {
              "location" : 0,
              "value" : "Option"
            }
          ]
        }
      }
    },
    {
      "type" : "@util.web-search",
      "parameters" : {
        "query" : {
          "value" : "$",
          "tokens" : [
            {
              "location" : 0,
              "value" : "Text"
            }
          ]
        }
      }
    },
    {
      "type" : "@flow.else",
      "parameters" : {
        "blockIdentifier" : "70AF98D5-08F1-4ECE-BAA2-0FF48F14F733"
      }
    },
    {
      "type" : "@util.set-clipboard",
      "parameters" : {
        "mode" : 0,
        "localOnly" : false,
        "text" : {
          "value" : "$",
          "tokens" : [
            {
              "location" : 0,
              "value" : "Text"
            }
          ]
        }
      }
    },
    {
      "type" : "@flow.endif",
      "parameters" : {
        "blockIdentifier" : "70AF98D5-08F1-4ECE-BAA2-0FF48F14F733"
      }
    },
    {
      "type" : "@flow.endif",
      "parameters" : {
        "blockIdentifier" : "CE7F4ACC-8019-4CF6-951B-BE6786CAE100"
      }
    }
  ],
  "buildVersion" : 1,
  "name" : "Text Tokenization",
  "clientMinVersion" : 1,
  "summary" : "",
  "icon" : {
    "glyph" : "doc.text.magnifyingglass",
    "color" : "#3FA1F8"
  },
  "clientVersion" : 2
}