{
  "actions" : [
    {
      "type" : "@editor.get-text",
      "parameters" : {
        "location" : 0,
        "fallback" : 0,
        "filename" : {
          "value" : "$",
          "tokens" : [
            {
              "location" : 0,
              "value" : "@editor.file-name"
            }
          ]
        }
      }
    },
    {
      "type" : "@text.filter",
      "parameters" : {
        "mode" : 1,
        "pattern" : {
          "value" : ""
        },
        "text" : {
          "value" : "$",
          "tokens" : [
            {
              "location" : 0,
              "value" : "@input"
            }
          ]
        },
        "multiLineRegex" : false
      }
    },
    {
      "type" : "@util.open-url",
      "parameters" : {
        "url" : {
          "value" : "$",
          "tokens" : [
            {
              "location" : 0,
              "value" : "@input"
            }
          ]
        },
        "fullScreen" : false,
        "browser" : 1
      }
    },
    {
      "type" : "@flow.foreach-begin",
      "parameters" : {
        "blockIdentifier" : "98572E50-25E5-4139-9F52-BE2DE793186E",
        "mode" : 0,
        "pattern" : {
          "value" : ""
        },
        "reverse" : false,
        "text" : {
          "value" : "$",
          "tokens" : [
            {
              "location" : 0,
              "value" : "@input"
            }
          ]
        },
        "group" : 0
      }
    },
    {
      "type" : "@util.open-url",
      "parameters" : {
        "url" : {
          "value" : "$",
          "tokens" : [
            {
              "location" : 0,
              "value" : "@input"
            }
          ]
        },
        "fullScreen" : false,
        "browser" : 1
      }
    },
    {
      "type" : "@flow.foreach-end",
      "parameters" : {
        "blockIdentifier" : "98572E50-25E5-4139-9F52-BE2DE793186E"
      }
    }
  ],
  "buildVersion" : 1,
  "name" : "Open All URLs",
  "clientMinVersion" : 1,
  "summary" : "",
  "icon" : {
    "glyph" : "link.circle.fill",
    "color" : "#FE824B"
  },
  "clientVersion" : 1024
}