{
  "actions" : [
    {
      "type" : "@editor.selected-text",
      "parameters" : {
        "fallback" : 0
      }
    },
    {
      "type" : "@text.encode",
      "parameters" : {
        "mode" : 0,
        "decode" : false,
        "text" : {
          "value" : "$",
          "tokens" : [
            {
              "location" : 0,
              "value" : "@input"
            }
          ]
        },
        "base64Options" : 0
      }
    },
    {
      "type" : "@flow.set-variable",
      "parameters" : {
        "value" : {
          "value" : "$",
          "tokens" : [
            {
              "location" : 0,
              "value" : "@input"
            }
          ]
        },
        "name" : {
          "value" : "text"
        }
      }
    },
    {
      "type" : "@util.open-url",
      "parameters" : {
        "url" : {
          "value" : "tweetbot:\/\/NeoYokel\/post?text=$",
          "tokens" : [
            {
              "location" : 30,
              "value" : "text"
            }
          ]
        },
        "fullScreen" : false,
        "browser" : 0
      }
    }
  ],
  "buildVersion" : 1,
  "name" : "Tweetbot Selection",
  "clientMinVersion" : 1,
  "summary" : "",
  "icon" : {
    "glyph" : "network",
    "color" : "#3FA1F8"
  },
  "clientVersion" : 1176
}