{
  "actions" : [
    {
      "type" : "@editor.selected-text",
      "parameters" : {
        "fallback" : 2
      }
    },
    {
      "type" : "@flow.set-variable",
      "parameters" : {
        "value" : {
          "value" : "$",
          "tokens" : [
            {
              "location" : 0,
              "value" : "@input"
            }
          ]
        },
        "name" : {
          "value" : "Selected Text"
        }
      }
    },
    {
      "type" : "@comment",
      "parameters" : {
        "text" : {
          "value" : "Use Gruber's single-line regular expression to check if the clipboard contains a URL"
        }
      }
    },
    {
      "type" : "@flow.if",
      "parameters" : {
        "blockIdentifier" : "56A21D8E-90BD-4BD2-973B-3802D7B0A062",
        "condition" : 6,
        "rhs" : {
          "value" : "(?i)\\b((?:https?:(?:\/{1,3}|[a-z0-9%])|[a-z0-9.\\-]+[.](?:com|net|org|edu|gov|mil|aero|asia|biz|cat|coop|info|int|jobs|mobi|museum|name|post|pro|tel|travel|xxx|ac|ad|ae|af|ag|ai|al|am|an|ao|aq|ar|as|at|au|aw|ax|az|ba|bb|bd|be|bf|bg|bh|bi|bj|bm|bn|bo|br|bs|bt|bv|bw|by|bz|ca|cc|cd|cf|cg|ch|ci|ck|cl|cm|cn|co|cr|cs|cu|cv|cx|cy|cz|dd|de|dj|dk|dm|do|dz|ec|ee|eg|eh|er|es|et|eu|fi|fj|fk|fm|fo|fr|ga|gb|gd|ge|gf|gg|gh|gi|gl|gm|gn|gp|gq|gr|gs|gt|gu|gw|gy|hk|hm|hn|hr|ht|hu|id|ie|il|im|in|io|iq|ir|is|it|je|jm|jo|jp|ke|kg|kh|ki|km|kn|kp|kr|kw|ky|kz|la|lb|lc|li|lk|lr|ls|lt|lu|lv|ly|ma|mc|md|me|mg|mh|mk|ml|mm|mn|mo|mp|mq|mr|ms|mt|mu|mv|mw|mx|my|mz|na|nc|ne|nf|ng|ni|nl|no|np|nr|nu|nz|om|pa|pe|pf|pg|ph|pk|pl|pm|pn|pr|ps|pt|pw|py|qa|re|ro|rs|ru|rw|sa|sb|sc|sd|se|sg|sh|si|sj|Ja|sk|sl|sm|sn|so|sr|ss|st|su|sv|sx|sy|sz|tc|td|tf|tg|th|tj|tk|tl|tm|tn|to|tp|tr|tt|tv|tw|tz|ua|ug|uk|us|uy|uz|va|vc|ve|vg|vi|vn|vu|wf|ws|ye|yt|yu|za|zm|zw)\/)(?:[^\\s()<>{}\\[\\]]+|\\([^\\s()]*?\\([^\\s()]+\\)[^\\s()]*?\\)|\\([^\\s]+?\\))+(?:\\([^\\s()]*?\\([^\\s()]+\\)[^\\s()]*?\\)|\\([^\\s]+?\\)|[^\\s`!()\\[\\]{};:'\".,<>?«»“”‘’])|(?:(?<!@)[a-z0-9]+(?:[.\\-][a-z0-9]+)*[.](?:com|net|org|edu|gov|mil|aero|asia|biz|cat|coop|info|int|jobs|mobi|museum|name|post|pro|tel|travel|xxx|ac|ad|ae|af|ag|ai|al|am|an|ao|aq|ar|as|at|au|aw|ax|az|ba|bb|bd|be|bf|bg|bh|bi|bj|bm|bn|bo|br|bs|bt|bv|bw|by|bz|ca|cc|cd|cf|cg|ch|ci|ck|cl|cm|cn|co|cr|cs|cu|cv|cx|cy|cz|dd|de|dj|dk|dm|do|dz|ec|ee|eg|eh|er|es|et|eu|fi|fj|fk|fm|fo|fr|ga|gb|gd|ge|gf|gg|gh|gi|gl|gm|gn|gp|gq|gr|gs|gt|gu|gw|gy|hk|hm|hn|hr|ht|hu|id|ie|il|im|in|io|iq|ir|is|it|je|jm|jo|jp|ke|kg|kh|ki|km|kn|kp|kr|kw|ky|kz|la|lb|lc|li|lk|lr|ls|lt|lu|lv|ly|ma|mc|md|me|mg|mh|mk|ml|mm|mn|mo|mp|mq|mr|ms|mt|mu|mv|mw|mx|my|mz|na|nc|ne|nf|ng|ni|nl|no|np|nr|nu|nz|om|pa|pe|pf|pg|ph|pk|pl|pm|pn|pr|ps|pt|pw|py|qa|re|ro|rs|ru|rw|sa|sb|sc|sd|se|sg|sh|si|sj|Ja|sk|sl|sm|sn|so|sr|ss|st|su|sv|sx|sy|sz|tc|td|tf|tg|th|tj|tk|tl|tm|tn|to|tp|tr|tt|tv|tw|tz|ua|ug|uk|us|uy|uz|va|vc|ve|vg|vi|vn|vu|wf|ws|ye|yt|yu|za|zm|zw)\\b\/?(?!@)))"
        },
        "lhs" : {
          "value" : "$",
          "tokens" : [
            {
              "location" : 0,
              "value" : "@clipboard.text"
            }
          ]
        }
      }
    },
    {
      "type" : "@editor.replace-selected",
      "parameters" : {
        "text" : {
          "value" : "[$]($)",
          "tokens" : [
            {
              "location" : 4,
              "value" : "@clipboard.text"
            },
            {
              "location" : 1,
              "value" : "Selected Text"
            }
          ]
        }
      }
    },
    {
      "type" : "@flow.else",
      "parameters" : {
        "blockIdentifier" : "56A21D8E-90BD-4BD2-973B-3802D7B0A062"
      }
    },
    {
      "type" : "@ui.toast",
      "parameters" : {
        "style" : 2,
        "waitUntilDone" : false,
        "title" : {
          "value" : "No URL Found"
        }
      }
    },
    {
      "type" : "@flow.endif",
      "parameters" : {
        "blockIdentifier" : "56A21D8E-90BD-4BD2-973B-3802D7B0A062"
      }
    }
  ],
  "buildVersion" : 1,
  "name" : "Add Link",
  "clientMinVersion" : 1,
  "summary" : "Turn selected text into a Markdown link, using a URL contained in the system clipboard.",
  "icon" : {
    "glyph" : "link.badge.plus",
    "color" : "#10ADC0"
  },
  "clientVersion" : 234
}