{
  "actions" : [
    {
      "type" : "@comment",
      "parameters" : {
        "text" : {
          "value" : "Enter edit mode, select multiple clippings and then merge them."
        }
      }
    },
    {
      "type" : "@flow.set-variable",
      "parameters" : {
        "value" : {
          "value" : "$",
          "tokens" : [
            {
              "location" : 0,
              "value" : "@input"
            }
          ]
        },
        "name" : {
          "value" : "Input"
        }
      }
    },
    {
      "type" : "@flow.if",
      "parameters" : {
        "blockIdentifier" : "3D92F27E-07A7-4716-AEA1-09E672100F47",
        "condition" : 0,
        "rhs" : {
          "value" : ""
        },
        "lhs" : {
          "value" : "$",
          "tokens" : [
            {
              "location" : 0,
              "value" : "Input"
            }
          ]
        }
      }
    },
    {
      "type" : "@ui.toast",
      "parameters" : {
        "style" : 0,
        "waitUntilDone" : false,
        "title" : {
          "value" : "No Content"
        }
      }
    },
    {
      "type" : "@flow.finish"
    },
    {
      "type" : "@flow.else",
      "parameters" : {
        "blockIdentifier" : "3D92F27E-07A7-4716-AEA1-09E672100F47"
      }
    },
    {
      "type" : "@flow.endif",
      "parameters" : {
        "blockIdentifier" : "3D92F27E-07A7-4716-AEA1-09E672100F47"
      }
    },
    {
      "type" : "@ui.alert",
      "parameters" : {
        "showCancelButton" : false,
        "message" : {
          "value" : ""
        },
        "title" : {
          "value" : "Choose a way"
        },
        "actions" : [
          {
            "title" : {
              "value" : "Save"
            },
            "value" : {
              "value" : "0"
            }
          },
          {
            "title" : {
              "value" : "Share"
            },
            "value" : {
              "value" : "1"
            }
          },
          {
            "title" : {
              "value" : ""
            },
            "value" : {
              "value" : "2"
            }
          },
          {
            "title" : {
              "value" : ""
            },
            "value" : {
              "value" : "3"
            }
          }
        ]
      }
    },
    {
      "type" : "@flow.if",
      "parameters" : {
        "blockIdentifier" : "4D43E0AD-66D8-42B5-B532-749463248863",
        "condition" : 0,
        "rhs" : {
          "value" : "0"
        },
        "lhs" : {
          "value" : "$",
          "tokens" : [
            {
              "location" : 0,
              "value" : "@input"
            }
          ]
        }
      }
    },
    {
      "type" : "@clips.insert",
      "parameters" : {
        "text" : {
          "value" : "$",
          "tokens" : [
            {
              "location" : 0,
              "value" : "Input"
            }
          ]
        }
      }
    },
    {
      "type" : "@flow.else",
      "parameters" : {
        "blockIdentifier" : "4D43E0AD-66D8-42B5-B532-749463248863"
      }
    },
    {
      "type" : "@share.sheet",
      "parameters" : {
        "mode" : 0,
        "text" : {
          "value" : "$",
          "tokens" : [
            {
              "location" : 0,
              "value" : "Input"
            }
          ]
        }
      }
    },
    {
      "type" : "@flow.endif",
      "parameters" : {
        "blockIdentifier" : "4D43E0AD-66D8-42B5-B532-749463248863"
      }
    }
  ],
  "buildVersion" : 1,
  "name" : "Merge Clippings",
  "clientMinVersion" : 1,
  "summary" : "",
  "icon" : {
    "glyph" : "list.bullet",
    "color" : "#7881FA"
  },
  "clientVersion" : 83
}