{
  "actions" : [
    {
      "type" : "@comment",
      "parameters" : {
        "text" : {
          "value" : "Check format issues using Markdown lint, for reference."
        }
      }
    },
    {
      "type" : "@editor.get-text",
      "parameters" : {
        "location" : 0,
        "fallback" : 0,
        "filename" : {
          "value" : "$",
          "tokens" : [
            {
              "location" : 0,
              "value" : "@editor.file-name"
            }
          ]
        }
      }
    },
    {
      "type" : "@text.encode",
      "parameters" : {
        "mode" : 1,
        "base64Options": 0,
        "decode" : false,
        "text" : {
          "value" : "$",
          "tokens" : [
            {
              "location" : 0,
              "value" : "@input"
            }
          ]
        }
      }
    },
    {
      "type" : "@flow.set-variable",
      "parameters" : {
        "value" : {
          "value" : "$",
          "tokens" : [
            {
              "location" : 0,
              "value" : "@input"
            }
          ]
        },
        "name" : {
          "value" : "Encoded"
        }
      }
    },
    {
      "type" : "@editor.filename",
      "parameters" : {
        "includeExtension" : false,
        "mode" : 0
      }
    },
    {
      "type" : "@ui.render-html",
      "parameters" : {
        "showsProgress" : false,
        "title" : {
          "value" : "$",
          "tokens" : [
            {
              "location" : 0,
              "value" : "@input"
            }
          ]
        },
        "html" : {
          "value" : "<!DOCTYPE html>\n<html>\n<head>\n  <meta charset=\"utf-8\">\n  <meta name=\"viewport\" content=\"width=device-width, initial-scale=1.0\">\n  <script src=\"https:\/\/xteko.blob.core.windows.net\/files\/markdown-it.js\"><\/script>\n  <script src=\"https:\/\/xteko.blob.core.windows.net\/files\/markdownlint.js\"><\/script>\n<\/head>\n<body style='font-family: -apple-system, BlinkMacSystemFont, \"Segoe UI\", Helvetica, Arial, sans-serif, \"Apple Color Emoji\", \"Segoe UI Emoji\", \"Segoe UI Symbol\";'>\n  <div id=\"display\">Analyzing...<\/div>\n  <script>\n    const options = {\n      \"strings\": {\n        \"content\": _decodeBase64(\"$\")\n      },\n      \"config\": {\n        \"MD013\": false\n      },\n      \"handleRuleFailures\": true\n    };\n\n    const results = window.markdownlint.sync(options);\n    const display = document.querySelector(\"#display\");\n\n    if (results.content.length == 0) {\n      display.innerHTML = \"👍 Lint Free!\";\n    } else {\n      display.innerHTML = results.content.map(result => {\n        const ruleName = result.ruleNames[0];\n        const ruleRef =\n          \"https:\/\/github.com\/DavidAnson\/markdownlint\/blob\/master\/doc\/Rules.md#\" +\n          ruleName.toLowerCase() +\n          \"---\" +\n          result.ruleDescription\n            .toLowerCase()\n            .replace(\/ \/g, \"-\")\n            .replace(\/[()]\/g, \"\");\n        return (\n          \"L\" +\n          result.lineNumber +\n          \" - <a href='\" +\n          ruleRef +\n          \"'>\" +\n          ruleName +\n          \"<\/a> \" +\n          result.ruleDescription +\n          (result.errorDetail\n            ? \" [<span class='detail'>\" + sanitize(result.errorDetail) + \"<\/span>]\"\n            : \"\") +\n          (result.errorContext\n            ? \" [<span class='detail'>Context: \\\"\" +\n              sanitize(result.errorContext) +\n              '\"<\/span>]'\n            : \"\")\n        );\n      }).join(\"<br\/>\");\n    }\n\n    function sanitize(str) {\n      return str.replace(\/&\/g, \"&amp;\").replace(\/<\/g, \"&lt;\").replace(\/>\/g, \"&gt;\");\n    }\n\n    function _decodeBase64(string) {\n      return decodeURIComponent(Array.prototype.map.call(atob(string), c => {\n        return \"%\" + (\"00\" + c.charCodeAt(0).toString(16)).slice(-2);\n      }).join(\"\"));\n    }\n  <\/script>\n<\/body>\n<\/html>",
          "tokens" : [
            {
              "location" : 591,
              "value" : "Encoded"
            }
          ]
        },
        "opaque" : true
      }
    }
  ],
  "buildVersion" : 1,
  "name" : "Markdown Lint",
  "clientMinVersion" : 1,
  "summary" : "",
  "icon" : {
    "glyph" : "textformat.abc.dottedunderline",
    "color" : "#F366BE"
  },
  "clientVersion" : 2
}