{
  "actions" : [
    {
      "type" : "@comment",
      "parameters" : {
        "text" : {
          "value" : "Beautify Markdown content using prettier, fix format issues."
        }
      }
    },
    {
      "type" : "@flow.javascript",
      "parameters" : {
        "script" : {
          "value" : "const script = $cache.get(\"markdown-prettier.js\");\nconst cached = script != null;\n$actions.resolve(cached);"
        }
      }
    },
    {
      "type" : "@flow.if",
      "parameters" : {
        "blockIdentifier" : "9E5F9824-8DDA-4D5F-848B-E3296FD7BB25",
        "condition" : 0,
        "rhs" : {
          "value" : "0"
        },
        "lhs" : {
          "value" : "$",
          "tokens" : [
            {
              "location" : 0,
              "value" : "@input"
            }
          ]
        }
      }
    },
    {
      "type" : "@ui.toast",
      "parameters" : {
        "style" : 0,
        "waitUntilDone" : false,
        "title" : {
          "value" : "Loading..."
        }
      }
    },
    {
      "type" : "@flow.else",
      "parameters" : {
        "blockIdentifier" : "9E5F9824-8DDA-4D5F-848B-E3296FD7BB25"
      }
    },
    {
      "type" : "@flow.endif",
      "parameters" : {
        "blockIdentifier" : "9E5F9824-8DDA-4D5F-848B-E3296FD7BB25"
      }
    },
    {
      "type" : "@editor.get-text",
      "parameters" : {
        "location" : 0,
        "fallback" : 0,
        "filename" : {
          "value" : "$",
          "tokens" : [
            {
              "location" : 0,
              "value" : "@editor.file-name"
            }
          ]
        }
      }
    },
    {
      "type" : "@flow.set-variable",
      "parameters" : {
        "value" : {
          "value" : "$",
          "tokens" : [
            {
              "location" : 0,
              "value" : "@input"
            }
          ]
        },
        "name" : {
          "value" : "Text"
        }
      }
    },
    {
      "type" : "@flow.javascript",
      "parameters" : {
        "script" : {
          "value" : "const script = $cache.get(\"markdown-prettier.js\");\nif (script) {\n  run(script);\n} else {\n  const {data} = await $http.get(\"https:\/\/xteko.blob.core.windows.net\/files\/markdown-prettier.js\");\n  run(data);\n  $cache.set(\"markdown-prettier.js\", data);\n}\n\nfunction run(script) {\n  const module = {\"exports\": {}};\n  const execute = new Function(\"exports, module\", script);\n  execute(module.exports, module);\n\n  const prettier = module.exports;\n  const markdown = $actions.inputValue;\n\n  const result = prettier.format(markdown);\n  $actions.resolve(result);\n}"
        }
      }
    },
    {
      "type" : "@ui.render-diff",
      "parameters" : {
        "fullScreen" : false,
        "rhs" : {
          "value" : "$",
          "tokens" : [
            {
              "location" : 0,
              "value" : "@input"
            }
          ]
        },
        "lhs" : {
          "value" : "$",
          "tokens" : [
            {
              "location" : 0,
              "value" : "Text"
            }
          ]
        }
      }
    },
    {
      "type" : "@ui.confirm",
      "parameters" : {
        "text" : {
          "value" : "Do you want to replace?"
        }
      }
    },
    {
      "type" : "@editor.set-text",
      "parameters" : {
        "createIfNotExists" : true,
        "location" : 0,
        "filename" : {
          "value" : "$",
          "tokens" : [
            {
              "location" : 0,
              "value" : "@editor.file-name"
            }
          ]
        },
        "text" : {
          "value" : "$",
          "tokens" : [
            {
              "location" : 0,
              "value" : "@input"
            }
          ]
        }
      }
    }
  ],
  "buildVersion" : 1,
  "name" : "Beautify",
  "clientMinVersion" : 1,
  "summary" : "",
  "icon" : {
    "glyph" : "wand.and.stars",
    "color" : "#FE824B"
  },
  "clientVersion" : 2
}