{
  "actions" : [
    {
      "type" : "@comment",
      "parameters" : {
        "text" : {
          "value" : "Convert Markdown to HTML using API provided by GitHub."
        }
      }
    },
    {
      "type" : "@editor.get-text",
      "parameters" : {
        "location" : 0,
        "fallback" : 0,
        "filename" : {
          "value" : "$",
          "tokens" : [
            {
              "location" : 0,
              "value" : "@editor.file-name"
            }
          ]
        }
      }
    },
    {
      "type" : "@text.encode",
      "parameters" : {
        "mode" : 3,
        "decode" : false,
        "text" : {
          "value" : "$",
          "tokens" : [
            {
              "location" : 0,
              "value" : "@input"
            }
          ]
        },
        "base64Options" : 0
      }
    },
    {
      "type" : "@ui.toast",
      "parameters" : {
        "style" : 0,
        "waitUntilDone" : false,
        "title" : {
          "value" : "Converting..."
        }
      }
    },
    {
      "type" : "@util.request",
      "parameters" : {
        "body" : {
          "value" : "{\n  \"text\": \"$\",\n  \"mode\": \"gfm\"\n}",
          "tokens" : [
            {
              "location" : 13,
              "value" : "@input"
            }
          ]
        },
        "url" : {
          "value" : "https:\/\/api.github.com\/markdown"
        },
        "method" : 1,
        "headers" : {
          "value" : "{\n  \"Content-Type\": \"application\/json\"\n}"
        }
      }
    },
    {
      "type" : "@flow.set-variable",
      "parameters" : {
        "value" : {
          "value" : "$",
          "tokens" : [
            {
              "location" : 0,
              "value" : "@input"
            }
          ]
        },
        "name" : {
          "value" : "Result"
        }
      }
    },
    {
      "type" : "@editor.filename",
      "parameters" : {
        "mode" : 0,
        "includeExtension" : false
      }
    },
    {
      "type" : "@flow.set-variable",
      "parameters" : {
        "value" : {
          "value" : "$",
          "tokens" : [
            {
              "location" : 0,
              "value" : "@input"
            }
          ]
        },
        "name" : {
          "value" : "Filename"
        }
      }
    },
    {
      "type" : "@ui.alert",
      "parameters" : {
        "showCancelButton" : true,
        "message" : {
          "value" : ""
        },
        "title" : {
          "value" : "Converted"
        },
        "actions" : [
          {
            "title" : {
              "value" : "View HTML"
            },
            "value" : {
              "value" : "0"
            }
          },
          {
            "title" : {
              "value" : "Load HTML"
            },
            "value" : {
              "value" : "1"
            }
          },
          {
            "title" : {
              "value" : ""
            },
            "value" : {
              "value" : "2"
            }
          },
          {
            "title" : {
              "value" : ""
            },
            "value" : {
              "value" : "3"
            }
          }
        ]
      }
    },
    {
      "type" : "@flow.if",
      "parameters" : {
        "blockIdentifier" : "27B339A7-AAA6-46D8-B8CF-9C00EDBC593D",
        "condition" : 0,
        "rhs" : {
          "value" : "0"
        },
        "lhs" : {
          "value" : "$",
          "tokens" : [
            {
              "location" : 0,
              "value" : "@input"
            }
          ]
        }
      }
    },
    {
      "type" : "@ui.render-text",
      "parameters" : {
        "title" : {
          "value" : "$",
          "tokens" : [
            {
              "location" : 0,
              "value" : "Filename"
            }
          ]
        },
        "fullScreen" : false,
        "text" : {
          "value" : "$",
          "tokens" : [
            {
              "location" : 0,
              "value" : "Result"
            }
          ]
        }
      }
    },
    {
      "type" : "@flow.else",
      "parameters" : {
        "blockIdentifier" : "27B339A7-AAA6-46D8-B8CF-9C00EDBC593D"
      }
    },
    {
      "type" : "@ui.render-html",
      "parameters" : {
        "showsProgress" : false,
        "title" : {
          "value" : "$",
          "tokens" : [
            {
              "location" : 0,
              "value" : "Filename"
            }
          ]
        },
        "fullScreen" : false,
        "html" : {
          "value" : "<!DOCTYPE html>\n<html>\n<head>\n  <meta charset=\"utf-8\">\n  <meta name=\"viewport\" content=\"width=device-width, initial-scale=1.0\">\n<\/head>\n<body style='font-family: -apple-system, BlinkMacSystemFont, \"Segoe UI\", Helvetica, Arial, sans-serif, \"Apple Color Emoji\", \"Segoe UI Emoji\", \"Segoe UI Symbol\";'>\n  $\n<\/body>\n<\/html>",
          "tokens" : [
            {
              "location" : 301,
              "value" : "Result"
            }
          ]
        },
        "opaque" : true
      }
    },
    {
      "type" : "@flow.endif",
      "parameters" : {
        "blockIdentifier" : "27B339A7-AAA6-46D8-B8CF-9C00EDBC593D"
      }
    }
  ],
  "buildVersion" : 1,
  "name" : "GitHub Markdown",
  "clientMinVersion" : 1,
  "summary" : "",
  "icon" : {
    "glyph" : "globe",
    "color" : "#7881FA"
  },
  "clientVersion" : 2
}