{
  "actions" : [
    {
      "type" : "@comment",
      "parameters" : {
        "text" : {
          "value" : "Convert text case for the selected text."
        }
      }
    },
    {
      "type" : "@editor.selected-text",
      "parameters" : {
        "fallback" : 0
      }
    },
    {
      "type" : "@flow.set-variable",
      "parameters" : {
        "value" : {
          "value" : "$",
          "tokens" : [
            {
              "location" : 0,
              "value" : "@input"
            }
          ]
        },
        "name" : {
          "value" : "Text"
        }
      }
    },
    {
      "type" : "@ui.alert",
      "parameters" : {
        "showCancelButton" : true,
        "message" : {
          "value" : ""
        },
        "title" : {
          "value" : "Select Case"
        },
        "actions" : [
          {
            "title" : {
              "value" : "Upper Case"
            },
            "value" : {
              "value" : "0"
            }
          },
          {
            "title" : {
              "value" : "Lower Case"
            },
            "value" : {
              "value" : "1"
            }
          },
          {
            "title" : {
              "value" : "Capitalized"
            },
            "value" : {
              "value" : "2"
            }
          },
          {
            "title" : {
              "value" : ""
            },
            "value" : {
              "value" : "3"
            }
          }
        ]
      }
    },
    {
      "type" : "@flow.if",
      "parameters" : {
        "blockIdentifier" : "54ADCABC-9257-4E03-A2EE-C035C67E2ADE",
        "condition" : 0,
        "rhs" : {
          "value" : "0"
        },
        "lhs" : {
          "value" : "$",
          "tokens" : [
            {
              "location" : 0,
              "value" : "@input"
            }
          ]
        }
      }
    },
    {
      "type" : "@text.case",
      "parameters" : {
        "mode" : 0,
        "text" : {
          "value" : "$",
          "tokens" : [
            {
              "location" : 0,
              "value" : "Text"
            }
          ]
        }
      }
    },
    {
      "type" : "@flow.else",
      "parameters" : {
        "blockIdentifier" : "54ADCABC-9257-4E03-A2EE-C035C67E2ADE"
      }
    },
    {
      "type" : "@flow.if",
      "parameters" : {
        "blockIdentifier" : "70D39CB4-0C5C-4CCC-B0A4-6CB6E2535BDF",
        "condition" : 0,
        "rhs" : {
          "value" : "1"
        },
        "lhs" : {
          "value" : "$",
          "tokens" : [
            {
              "location" : 0,
              "value" : "@input"
            }
          ]
        }
      }
    },
    {
      "type" : "@text.case",
      "parameters" : {
        "mode" : 1,
        "text" : {
          "value" : "$",
          "tokens" : [
            {
              "location" : 0,
              "value" : "Text"
            }
          ]
        }
      }
    },
    {
      "type" : "@flow.else",
      "parameters" : {
        "blockIdentifier" : "70D39CB4-0C5C-4CCC-B0A4-6CB6E2535BDF"
      }
    },
    {
      "type" : "@text.case",
      "parameters" : {
        "mode" : 2,
        "text" : {
          "value" : "$",
          "tokens" : [
            {
              "location" : 0,
              "value" : "Text"
            }
          ]
        }
      }
    },
    {
      "type" : "@flow.endif",
      "parameters" : {
        "blockIdentifier" : "70D39CB4-0C5C-4CCC-B0A4-6CB6E2535BDF"
      }
    },
    {
      "type" : "@flow.endif",
      "parameters" : {
        "blockIdentifier" : "54ADCABC-9257-4E03-A2EE-C035C67E2ADE"
      }
    },
    {
      "type" : "@editor.replace-selected",
      "parameters" : {
        "text" : {
          "value" : "$",
          "tokens" : [
            {
              "location" : 0,
              "value" : "@input"
            }
          ]
        }
      }
    }
  ],
  "buildVersion" : 1,
  "name" : "Text Case",
  "clientMinVersion" : 1,
  "summary" : "",
  "icon" : {
    "glyph" : "textformat",
    "color" : "#A777FF"
  },
  "clientVersion" : 1
}