{
  "actions" : [
    {
      "type" : "@comment",
      "parameters" : {
        "text" : {
          "value" : "Open DeepL.com and fill it with clipboard text."
        }
      }
    },
    {
      "type" : "@text.encode",
      "parameters" : {
        "mode" : 0,
        "base64Options": 0,
        "decode" : false,
        "text" : {
          "value" : "$",
          "tokens" : [
            {
              "location" : 0,
              "value" : "@clipboard.text"
            }
          ]
        }
      }
    },
    {
      "type" : "@flow.set-variable",
      "parameters" : {
        "value" : {
          "value" : "$",
          "tokens" : [
            {
              "location" : 0,
              "value" : "@input"
            }
          ]
        },
        "name" : {
          "value" : "Text"
        }
      }
    },
    {
      "type" : "@ui.alert",
      "parameters" : {
        "showCancelButton" : true,
        "message" : {
          "value" : ""
        },
        "title" : {
          "value" : "Mode"
        },
        "actions" : [
          {
            "title" : {
              "value" : "English -> Chinese"
            },
            "value" : {
              "value" : "0"
            }
          },
          {
            "title" : {
              "value" : "Chinese -> English"
            },
            "value" : {
              "value" : "1"
            }
          },
          {
            "title" : {
              "value" : ""
            },
            "value" : {
              "value" : "2"
            }
          },
          {
            "title" : {
              "value" : ""
            },
            "value" : {
              "value" : "3"
            }
          }
        ]
      }
    },
    {
      "type" : "@flow.if",
      "parameters" : {
        "blockIdentifier" : "4175E8E8-D511-49DA-AE03-FB29BC640A5E",
        "condition" : 0,
        "rhs" : {
          "value" : "0"
        },
        "lhs" : {
          "value" : "$",
          "tokens" : [
            {
              "location" : 0,
              "value" : "@input"
            }
          ]
        }
      }
    },
    {
      "type" : "@util.open-url",
      "parameters" : {
        "url" : {
          "value" : "https:\/\/www.deepl.com\/translator#en\/zh\/$",
          "tokens" : [
            {
              "location" : 39,
              "value" : "Text"
            }
          ]
        },
        "browser" : 0
      }
    },
    {
      "type" : "@flow.else",
      "parameters" : {
        "blockIdentifier" : "4175E8E8-D511-49DA-AE03-FB29BC640A5E"
      }
    },
    {
      "type" : "@util.open-url",
      "parameters" : {
        "url" : {
          "value" : "https:\/\/www.deepl.com\/translator#zh\/en\/$",
          "tokens" : [
            {
              "location" : 39,
              "value" : "Text"
            }
          ]
        },
        "browser" : 0
      }
    },
    {
      "type" : "@flow.endif",
      "parameters" : {
        "blockIdentifier" : "4175E8E8-D511-49DA-AE03-FB29BC640A5E"
      }
    }
  ],
  "buildVersion" : 1,
  "name" : "DeepL Translate",
  "clientMinVersion" : 1,
  "summary" : "",
  "icon" : {
    "glyph" : "person.2",
    "color" : "#60C172"
  },
  "clientVersion" : 2
}